Workbook

Sheet התיק העדכני
A1: Code TASE | B1: =GEMINI!L1 -> מחיר מכירה מינימלי (Stop-Loss) | C1: =GEMINI!M1 -> מחיר מכירה מקסימלי (Take-Profit) | E1: Nom | F1: Date | G1: כמות מניות | H1: מחיר קנייה | I1: מחיר היום | J1: מחיר 17/02/2026 | K1: מחיר 16/02/2026 | L1: מחיר 13/02/2026 | M1: מחיר 12/02/2026 | N1: מחיר 11/02/2026 | O1: מחיר 10/02/2026 | P1: מחיר 09/02/2026 | Q1: מחיר 06/02/2026 | R1: מחיר 05/02/2026 | S1: מחיר 04/02/2026 | T1: מחיר 03/02/2026 | U1: מחיר 02/02/2026 | V1: מחיר 30/01/2026 | W1: מחיר 29/01/2026 | X1: מחיר 28/01/2026 | Y1: מחיר 27/01/2026 | Z1: מחיר 26/01/2026 | AA1: מחיר 23/01/2026 | AB1: מחיר 22/01/2026 | AC1: מחיר 21/01/2026 | AD1: מחיר 20/01/2026 | AE1: מחיר 19/01/2026 | AF1: מחיר 14/01/2026 | AG1: מחיר 13/01/2026 | AH1: מחיר 12/01/2026 | AI1: מחיר 08/01/2026 | AJ1: מחיר 07/01/2026 | AK1: מחיר 06/01/2026 | AL1: מחיר 05/01/2026 | AM1: מחיר 01/01/2026 | AN1: מחיר 31/12/2025 | AO1: מחיר 30/12/2025 | AP1: מחיר 29/12/2025 | AQ1: מחיר 28/12/2025 | AR1: מחיר 25/12/2025 | AS1: מחיר 24/12/2025 | AT1: מחיר 23/12/2025 | AU1: מחיר 18/12/2025 | AV1: מחיר 17/12/2025 | AW1: מחיר 16/12/2025 | AX1: מחיר 15/12/2025 | AY1: מחיר 14/12/2025 | AZ1: מחיר 11/12/2025 | BA1: מחיר 10/12/2025 | BB1: מחיר 09/12/2025 | BC1: מחיר 08/12/2025 | BD1: מחיר 07/12/2025 | BE1: מחיר 04/12/2025 | BF1: מחיר 03/12/2025 | BG1: מחיר 02/12/2025 | BH1: מחיר 01/12/2025 | BI1: מחיר 30/11/2025 | BJ1: מחיר 27/11/2025 | BK1: מחיר 26/11/2025 | BL1: מחיר 25/11/2025 | BM1: מחיר 24/11/2025 | BN1: מחיר 23/11/2025 | BO1: מחיר 20/11/2025 | BP1: מחיר 19/11/2025 | BQ1: מחיר 18/11/2025 | BR1: מחיר 17/11/2025 | BS1: מחיר 16/11/2025 | BT1: מחיר 13/11/2025 | BU1: מחיר 12/11/2025 | BV1: מחיר 11/11/2025 | BW1: מחיר 10/11/2025 | BX1: מחיר 05/11/2025 | BY1: מחיר 04/11/2025 | BZ1: מחיר 03/11/2025 | CA1: מחיר 02/11/2025 | CB1: סך ההשקעה | CC1: ערך כולל יומי | CD1: רווח/הפסד | CE1: מימוש | CF1: שער מכירה | CG1: סך מימושים
A2: 1105907 | B2: =GEMINI!L2 -> 742.75 | C2: =GEMINI!M2 -> 916 | D2: =IF(I2<GEMINI!L2,"למכור בהפסד",IF(I2>GEMINI!M2,"למכור ברווח","לשמור")) -> למכור ברווח | E2: אייראנג'י טק | F2: 46063 | G2: 0 | H2: 774.5 | I2: 935 | J2: 1056 | K2: 1041 | L2: 963.4 | M2: 897 | N2: 854.6 | O2: 846.8 | P2: 799.8 | CB2: =(G2*H2)/100-CG2 -> 0 | CC2: =(G2*H2)/100 -> 0
A3: 363010 | B3: =GEMINI!L3 -> 53 | C3: =GEMINI!M3 -> 96.75 | D3: =IF(I3<GEMINI!L3,"למכור בהפסד",IF(I3>GEMINI!M3,"למכור ברווח","לשמור")) -> לשמור | E3: אירודרום קבוצה | F3: 46056 | G3: 600 | H3: 74.9 | I3: 73.7 | J3: 75.2 | K3: 74.6 | L3: 74 | M3: 70.1 | N3: 74.3 | O3: 77.3 | P3: 82.3 | Q3: 75.2 | R3: 68.8 | S3: 89 | T3: 87.5 | CB3: =(G3*H3)/100-CG3 -> 449.4 | CC3: =(G3*H3)/100 -> 449.4 | CD3: =(CC3-CB3) -> 0
A4: 587014 | B4: =GEMINI!L4 -> 5855 | C4: =GEMINI!M4 -> 7050 | D4: =IF(I4<GEMINI!L4,"למכור בהפסד",IF(I4>GEMINI!M4,"למכור ברווח","לשמור")) -> לשמור | E4: ארית תעשיות | F4: 46029 | G4: 20 | H4: 5925 | I4: 6055 | J4: 6075 | K4: 5925 | L4: 5655 | M4: 5714 | N4: 5891 | O4: 6011 | P4: 5990 | Q4: 5990 | R4: 5956 | S4: 6298 | T4: 6295 | U4: 6370 | V4: 6140 | W4: 7252 | X4: 7120 | Y4: 7048 | Z4: 6979 | AA4: 6680 | AB4: 6111 | AC4: 6050 | AD4: 6169 | AE4: 6300 | AF4: 6335 | AG4: 6335 | AH4: 6444 | AI4: 5749 | AJ4: 5749 | CB4: =(G4*H4)/100-CG4 -> 1185 | CC4: =(G4*H4)/100 -> 1185 | CD4: =(CC4-CB4) -> 0
A5: 1099787 | B5: =GEMINI!L5 -> 598.25 | C5: =GEMINI!M5 -> 741.25 | D5: =IF(I5<GEMINI!L5,"למכור בהפסד",IF(I5>GEMINI!M5,"למכור ברווח","לשמור")) -> למכור בהפסד | E5: ג'ין טכנולוגיות | F5: 46045 | G5: 0 | H5: 620 | I5: 510.2 | J5: 541.3 | K5: 572.4 | L5: 590.1 | M5: 579.5 | N5: 614.5 | O5: 642.2 | P5: 656.2 | Q5: 622.4 | R5: 594.9 | S5: 638 | T5: 587.5 | U5: 577.9 | V5: 559 | W5: 570 | X5: 575.7 | Y5: 612.6 | Z5: 638.3 | AA5: 630.3 | AB5: 626 | AC5: 595.4 | AD5: 667.1 | AE5: 651 | AF5: 641.1 | AG5: 641.1 | AH5: 607.1 | AI5: 583 | AJ5: 581.6 | AK5: 578.7 | AL5: 590 | AM5: 554.7 | AN5: 511.8 | AO5: 487 | AP5: 478.8 | AQ5: 485.5 | AR5: 453.4 | AS5: 426.1 | AT5: 423.2 | CB5: =(G5*H5)/100-CG5 -> 0 | CC5: =(G5*H5)/100 -> 0
A6: 1166768 | B6: =GEMINI!L6 -> 4425 | C6: =GEMINI!M6 -> 5480 | D6: =IF(I6<GEMINI!L6,"למכור בהפסד",IF(I6>GEMINI!M6,"למכור ברווח","לשמור")) -> למכור ברווח | E6: דוראל אנרגיה | F6: 46028 | G6: 30 | H6: 4264.16 | I6: 6221 | J6: 6014 | K6: 5675 | L6: 5450 | M6: 5385 | N6: 5170 | O6: 5059 | P6: 4880 | Q6: 4647 | R6: 4650 | S6: 4799 | T6: 4740 | U6: 4350 | V6: 4355 | W6: 4500 | X6: 4424 | Y6: 4412 | Z6: 4450 | AA6: 4238 | AB6: 3970 | AC6: 3870 | AD6: 3805 | AE6: 3667 | AF6: 3582 | AG6: 3582 | AH6: 3570 | AI6: 3619 | AJ6: 3650 | AK6: 3720 | CB6: =(G6*H6)/100-CG6 -> 1279.248 | CC6: =(G6*H6)/100 -> 1279.248 | CD6: =(CC6-CB6) -> 0
A7: 1148899 | B7: =GEMINI!L7 -> 3737.5 | C7: =GEMINI!M7 -> 4350 | D7: =IF(I7<GEMINI!L7,"למכור בהפסד",IF(I7>GEMINI!M7,"למכור ברווח","לשמור")) -> לשמור | E7: הראל סל ת"א 125 | F7: 46010 | G7: 70 | H7: 3585 | I7: 4109 | J7: 4070 | K7: 4081 | L7: 4074 | M7: 4093 | N7: 4069 | O7: 4085 | P7: 3996 | Q7: 3954 | R7: 3955 | S7: 4022 | T7: 4033 | U7: 3988 | V7: 3916 | W7: 3954 | X7: 3932 | Y7: 3949 | Z7: 3943 | AA7: 3928 | AB7: 3913 | AC7: 3860 | AD7: 3893 | AE7: 3900 | AF7: 3842 | AG7: 3842 | AH7: 3841 | AI7: 3809 | AJ7: 3810 | AK7: 3798 | AL7: 3713 | AM7: 3657 | AN7: 3592 | AO7: 3621 | AP7: 3572 | AQ7: 3580 | AR7: 3569 | AS7: 3659 | AT7: 3656 | CB7: =(G7*H7)/100-CG7 -> 2509.5 | CC7: =(G7*H7)/100 -> 2509.5
A8: 1082379 | B8: =GEMINI!L8 -> 41525 | C8: =GEMINI!M8 -> 48125 | D8: =IF(I8<GEMINI!L8,"למכור בהפסד",IF(I8>GEMINI!M8,"למכור ברווח","לשמור")) -> למכור בהפסד | E8: טאואר | F8: 45994 | G8: 4 | H8: 39632.5 | I8: 40940 | J8: 39370 | K8: 40780 | L8: 41300 | M8: 40180 | N8: 41140 | O8: 43310 | P8: 45300 | Q8: 40740 | R8: 39070 | S8: 39600 | T8: 43640 | U8: 42700 | V8: 42140 | W8: 43490 | X8: 40750 | Y8: 40900 | Z8: 40790 | AA8: 40820 | AB8: 41570 | AC8: 42050 | AD8: 39960 | AE8: 39990 | AF8: 38680 | AG8: 38680 | AH8: 37770 | AI8: 36330 | AJ8: 38680 | AK8: 39090 | AL8: 37300 | AM8: 37650 | AN8: 37300 | AO8: 39450 | AP8: 38390 | AQ8: 38800 | AR8: 38510 | AS8: 38970 | AT8: 38970 | AU8: 37700 | AV8: 37700 | AW8: 37750 | AX8: 38430 | AY8: 38250 | AZ8: 40110 | BA8: 40820 | BB8: 39320 | BC8: 37800 | BD8: 36620 | BE8: 37130 | BF8: 35850 | CB8: =(G8*H8)/100-CG8 -> 1585.3 | CC8: =(G8*H8)/100 -> 1585.3 | CD8: =(CC8-CB8) -> 0
A9: 1166974 | B9: =GEMINI!L9 -> 981.25 | C9: =GEMINI!M9 -> 1245 | D9: =IF(I9<GEMINI!L9,"למכור בהפסד",IF(I9>GEMINI!M9,"למכור ברווח","לשמור")) -> לשמור | E9: משק אנרגיה | F9: 46016 | G9: 80 | H9: 901.87 | I9: 1037 | J9: 1037 | K9: 1048 | L9: 1060 | M9: 1050 | N9: 1074 | O9: 1070 | P9: 1086 | Q9: 1054 | R9: 1063 | S9: 1099 | T9: 1173 | U9: 1114 | V9: 1075 | W9: 1109 | X9: 1090 | Y9: 1144 | Z9: 1162 | AA9: 1109 | AB9: 1029 | AC9: 993 | AD9: 1017 | AE9: 960 | AF9: 965 | AG9: 965 | AH9: 951.7 | AI9: 946 | AJ9: 869.2 | AK9: 865 | AL9: 851 | AM9: 829.3 | AN9: 830 | AO9: 810 | AP9: 812.8 | AQ9: 788 | AR9: 772 | CB9: =(G9*H9)/100-CG9 -> 721.496 | CC9: =(G9*H9)/100 -> 721.496 | CD9: =(CC9-CB9) -> 0
A10: 1122654 | B10: =GEMINI!L10 -> 63.5 | C10: =GEMINI!M10 -> 93.25 | D10: =IF(I10<GEMINI!L10,"למכור בהפסד",IF(I10>GEMINI!M10,"למכור ברווח","לשמור")) -> לשמור | E10: סטורג' דרופ | F10: 46052 | G10: 300 | H10: 93.13 | I10: 72.4 | J10: 73.7 | K10: 78.9 | L10: 79.4 | M10: 89.9 | N10: 82.2 | O10: 74.5 | P10: 67.9 | Q10: 71.3 | R10: 72.1 | S10: 86.7 | T10: 91.5 | U10: 91.5 | V10: 132.6 | CB10: =(G10*H10)/100-CG10 -> 279.39 | CC10: =(G10*H10)/100 -> 279.39 | CD10: =(CC10-CB10) -> 0
A11: 662577 | B11: =GEMINI!L11 -> 7632.5 | C11: =GEMINI!M11 -> 8700 | D11: =IF(I11<GEMINI!L11,"למכור בהפסד",IF(I11>GEMINI!M11,"למכור ברווח","לשמור")) -> לשמור | E11: פועלים | F11: 45921 | G11: 9 | H11: 7204.22 | I11: 8253 | J11: 8269 | K11: 8234 | L11: 8294 | M11: 8429 | N11: 8276 | O11: 8280 | P11: 8100 | Q11: 7922 | R11: 7884 | S11: 8051 | T11: 7911 | U11: 7833 | V11: 7687 | W11: 7672 | X11: 7676 | Y11: 7844 | Z11: 7810 | AA11: 7710 | AB11: 7735 | AC11: 7725 | AD11: 7787 | AE11: 7955 | AF11: 7627 | AG11: 7627 | AH11: 7656 | AI11: 7507 | AJ11: 7590 | AK11: 7569 | AL11: 7269 | AM11: 7444 | AN11: 7205 | AO11: 7298 | AP11: 7222 | AQ11: 7079 | AR11: 7140 | AS11: 7440 | AT11: 7530 | AU11: 7535 | AV11: 7535 | AW11: 7568 | AX11: 7699 | AY11: 7638 | AZ11: 7654 | BA11: 7584 | BB11: 7479 | BC11: 7490 | BD11: 7480 | BE11: 7270 | BF11: 7163 | BG11: 7231 | BH11: 7100 | BI11: 7100 | BJ11: 7027 | BK11: 6984 | BL11: 6944 | BM11: 6924 | BN11: 6930 | BO11: 6938 | BP11: 6989 | BQ11: 6871 | BR11: 6943 | BS11: 7040 | BT11: 6696 | BU11: 6965 | BV11: 6788 | BW11: 6696 | BX11: 6625 | BY11: 6660 | BZ11: 6791 | CA11: 6610 | CB11: =(G11*H11)/100-CG11 -> 648.3798 | CC11: =(G11*H11)/100 -> 648.3798 | CD11: =(CC11-CB11) -> 0
A12: 5137534 | B12: =GEMINI!L12 -> 12742.5 | C12: =GEMINI!M12 -> 15095 | D12: =IF(I12<GEMINI!L12,"למכור בהפסד",IF(I12>GEMINI!M12,"למכור ברווח","לשמור")) -> למכור בהפסד | E12: ISHARES MSCI GLOBAL SILVER M | F12: 46020 | G12: 8 | H12: 11598.87 | I12: 12726.62 | J12: 12295.75 | K12: 12858.37 | L12: 12829.25 | M12: 13287.75 | N12: 13100 | O12: 12946.62 | P12: 13244 | Q12: 12628.12 | R12: 11710.62 | S12: 12145 | T12: 11855.12 | U12: 11946.75 | V12: 11946.75 | W12: 14679.12 | X12: 14679.12 | Y12: 13968 | Z12: 15528.12 | AA12: 14358.25 | AB12: 14385.75 | AC12: 13880 | AD12: 13610.62 | AE12: 13016 | AF12: 12487.37 | AG12: 12638.62 | AH12: 12533.87 | AI12: 11299.5 | AJ12: 11193.12 | AK12: 11548.62 | AL12: 11125.62 | AM12: 10932.12 | AN12: 11095.62 | AO12: 10910.58 | AP12: 11609.37 | CB12: =(G12*H12)/100-CG12 -> 927.9096 | CC12: =(G12*H12)/100 -> 927.9096
A13: 5135470 | B13: =GEMINI!L13 -> 203.75 | C13: =GEMINI!M13 -> 243.25 | D13: =IF(I13<GEMINI!L13,"למכור בהפסד",IF(I13>GEMINI!M13,"למכור ברווח","לשמור")) -> לשמור | E13: MTF מחקה אינדקס תעשיה ישראל | F13: 45910 | G13: 500 | H13: 197.23 | I13: 218.62 | J13: 217.08 | K13: 212.67 | L13: 214.11 | M13: 216.07 | N13: 216.07 | O13: 219.37 | P13: 216 | Q13: 216.57 | R13: 216.57 | S13: 221.02 | T13: 218.38 | U13: 218.36 | V13: 223.13 | W13: 227.54 | X13: 226.96 | Y13: 225.24 | Z13: 223.25 | AA13: 219.14 | AB13: 219.14 | AC13: 219.3 | AD13: 222.79 | AE13: 221.16 | AF13: 220.66 | AG13: 222.06 | AH13: 218.71 | AI13: 216.74 | AJ13: 216.04 | AK13: 210.69 | AL13: 210.69 | AM13: 198 | AN13: 196.74 | AO13: 192.56 | AP13: 192.23 | AQ13: 191.19 | AR13: 193.62 | AS13: 190.75 | AT13: 189.06 | AU13: 182.73 | AV13: 182.73 | AW13: 177.92 | AX13: 179.16 | AY13: 179.34 | AZ13: 176.5 | BA13: 176.5 | BB13: 175.93 | BC13: 174.51 | BD13: 173.91 | BE13: 177.1 | BF13: 178.24 | BG13: 176.52 | BH13: 178.27 | BI13: 175.29 | BJ13: 175.34 | BK13: 174.41 | BL13: 176.22 | BM13: 174 | BN13: 176.35 | BO13: 177.71 | BP13: 180.08 | BQ13: 181.96 | BR13: 182.9 | BS13: 181.86 | BT13: 182.56 | BU13: 181.07 | BV13: 182.56 | BW13: 182.56 | BX13: 178.86 | BY13: 180.16 | BZ13: 179.56 | CA13: 176.55 | CB13: =(G13*H13)/100-CG13 -> 986.15 | CC13: =(G13*H13)/100 -> 986.15
A14: 5134135 | B14: =GEMINI!L14 -> 170.5 | C14: =GEMINI!M14 -> 206 | D14: =IF(I14<GEMINI!L14,"למכור בהפסד",IF(I14>GEMINI!M14,"למכור ברווח","לשמור")) -> לשמור | E14: MTF מחקה אינדקס Global Metals & Minerals producers מנוטרלת דולר | F14: 46021 | G14: 600 | H14: 159.02 | I14: 188.1 | J14: 188.1 | K14: 188.1 | L14: 188.59 | M14: 189.53 | N14: 189.53 | O14: 181.5 | P14: 181.5 | Q14: 177.17 | R14: 186.88 | S14: 184.42 | T14: 184.42 | U14: 184.42 | V14: 199.37 | W14: 194.88 | X14: 189.51 | Y14: 189.51 | Z14: 189.51 | AA14: 185.52 | AB14: 185.52 | AC14: 178.98 | AD14: 178.98 | AE14: 178.98 | AF14: 170.7 | AG14: 170.7 | AH14: 170.7 | AI14: 170.45 | AJ14: 160.84 | AK14: 160.84 | AL14: 160.84 | AM14: 159.02 | AN14: 159.65 | AO14: 159.65 | CB14: =(G14*H14)/100-CG14 -> 954.12 | CC14: =(G14*H14)/100 -> 954.12 | CD14: =(CC14-CB14) -> 0
A15: 1168723 | B15: =GEMINI!L15 -> 1680.75 | C15: =GEMINI!M15 -> 2053.25 | D15: =IF(I15<GEMINI!L15,"למכור בהפסד",IF(I15>GEMINI!M15,"למכור ברווח","לשמור")) -> לשמור | E15: MTF סל אינדקס אנרגיה מתחדשת | F15: 46019 | G15: 55 | H15: 1523.63 | I15: 2033 | J15: 2004 | K15: 1944 | L15: 1941 | M15: 1939 | N15: 1912 | O15: 1891 | P15: 1864 | Q15: 1823 | R15: 1819 | S15: 1866 | T15: 1886 | U15: 1818 | V15: 1785 | W15: 1828 | X15: 1811 | Y15: 1825 | Z15: 1831 | AA15: 1799 | AB15: 1757 | AC15: 1698 | AD15: 1694 | AE15: 1671 | AF15: 1660 | AG15: 1660 | AH15: 1646 | AI15: 1648 | AJ15: 1614 | AK15: 1626 | AL15: 1587 | AM15: 1548 | AN15: 1500 | AO15: 1491 | AP15: 1444 | AQ15: 1431 | BR15: 1788 | BS15: 1788 | BT15: 1780 | BU15: 1814 | BV15: 1794 | BW15: 1780 | BX15: 1772 | BY15: 1798 | BZ15: 1806 | CA15: 1801 | CB15: =(G15*H15)/100-CG15 -> 837.9965 | CC15: =(G15*H15)/100 -> 837.9965 | CD15: =(CC15-CB15) -> 0
B16: =GEMINI!L16 -> 0 | C16: =GEMINI!M16 -> 0 | D16: =IF(I16<GEMINI!L16,"למכור בהפסד",IF(I16>GEMINI!M16,"למכור ברווח","לשמור")) -> לשמור | CB16: =(G16*H16)/100-CG16 -> 0 | CC16: =(G16*H16)/100 -> 0 | CD16: =(CC16-CB16) -> 0
B17: =GEMINI!L17 -> 0 | C17: =GEMINI!M17 -> 0 | D17: =IF(I17<GEMINI!L17,"למכור בהפסד",IF(I17>GEMINI!M17,"למכור ברווח","לשמור")) -> לשמור | CB17: =(G17*H17)/100-CG17 -> 0 | CC17: =(G17*H17)/100 -> 0 | CD17: =(CC17-CB17) -> 0
B18: =GEMINI!L18 -> 0 | C18: =GEMINI!M18 -> 0 | D18: =IF(I18<GEMINI!L18,"למכור בהפסד",IF(I18>GEMINI!M18,"למכור ברווח","לשמור")) -> לשמור | BR18: 1788 | BS18: 1788 | BT18: 1780 | BU18: 1814 | BV18: 1794 | BW18: 1780 | BX18: 1772 | BY18: 1798 | BZ18: 1806 | CA18: 1801 | CB18: =(G18*H18)/100-CG18 -> 0 | CC18: =(G18*H18)/100 -> 0 | CD18: =(CC18-CB18) -> 0
B19: =GEMINI!L19 -> 0 | C19: =GEMINI!M19 -> 0 | D19: =IF(I19<GEMINI!L19,"למכור בהפסד",IF(I19>GEMINI!M19,"למכור ברווח","לשמור")) -> לשמור | AM19: 6461 | AN19: 6503 | AO19: 6535 | AP19: 6532 | AQ19: 6515 | CB19: =(G19*H19)/100-CG19 -> 0 | CC19: =(G19*H19)/100 -> 0
B20: =GEMINI!L20 -> 0 | C20: =GEMINI!M20 -> 0 | D20: =IF(I20<GEMINI!L12,"למכור בהפסד",IF(I20>GEMINI!M12,"למכור ברווח","לשמור")) -> למכור בהפסד | CB20: =(G20*H20)/100-CG20 -> 0 | CC20: =(G20*H20)/100 -> 0
E23: (J2*G2+G3*J3+J4*G4+G5*J5+G6*J6+G7*J7+G8*J8+G9*J9+G10*J10+G11*J11+G12*J12+J13*G13+G14*J14+J15*G15+G16*J16+G17*J17+J18*G18+G19*J19+G20*J20)/100 | I23: =(G2*I2+G3*I3+G4*I4+G5*I5+G6*I6+G7*I7+G8*I8+I9*G9+G10*I10+I11*G11+G12*I12+G13*I13+G14*I14+I15*G15+I16*G16+G17*I17+G18*I18+G19*I19+G20*I20)/100 -> 14180.95 | J23: =(J2*G2+G3*J3+J4*G4+G5*J5+G6*J6+G7*J7+G8*J8+G9*J9+G10*J10+G11*J11+G12*J12+J13*G13+G14*J14+J15*G15+G16*J16+G17*J17+J18*G18+G19*J19+G20*J20)/100 -> 13988.97 | K23: =(K2*G2+G3*K3+K4*G4+G5*K5+G6*K6+G7*K7+G8*K8+G9*K9+G10*K10+G11*K11+G12*K12+K13*G13+G14*K14+K15*G15+G16*K16+G17*K17+K18*G18+G19*K19+G20*K20)/100 -> 13928.98 | L23: =(L2*G2+G3*L3+L4*G4+G5*L5+G6*L6+G7*L7+G8*L8+G9*L9+G10*L10+G11*L11+G12*L12+L13*G13+G14*L14+L15*G15+G16*L16+G17*L17+L18*G18+G19*L19+G20*L20)/100 -> 13842.44 | M23: =(H2*M2+H3*M3+H4*M4+H5*M5+H6*M6+H7*M7+H8*M8+M9*H9+H10*M10+M11*H11+H12*M12+H13*M13+H14*M14+M15*H15+M16*H16+H17*M17+H18*M18+H19*M19+H20*M20)/100 -> 18838141 | N23: =(N2*G2+G3*N3+N4*G4+G5*N5+G6*N6+G7*N7+G8*N8+G9*N9+G10*N10+G11*N11+G12*N12+N13*G13+G14*N14+N15*G15+G16*N16+G17*N17+N18*G18+G19*N19+G20*N20)/100 -> 13836.67 | O23: =(O2*G2+G3*O3+O4*G4+G5*O5+G6*O6+G7*O7+G8*O8+G9*O9+G10*O10+G11*O11+G12*O12+O13*G13+G14*O14+O15*G15+G16*O16+G17*O17+O18*G18+G19*O19+G20*O20)/100 -> 13861.93 | P23: =(P2*G2+G3*P3+P4*G4+G5*P5+G6*P6+G7*P7+G8*P8+G9*P9+G10*P10+G11*P11+G12*P12+P13*G13+G14*P14+P15*G15+G16*P16+G17*P17+P18*G18+G19*P19+G20*P20)/100 -> 13820.22 | Q23: =(Q2*G2+G3*Q3+Q4*G4+G5*Q5+G6*Q6+G7*Q7+G8*Q8+G9*Q9+G10*Q10+G11*Q11+G12*Q12+Q13*G13+G14*Q14+Q15*G15+G16*Q16+G17*Q17+Q18*G18+G19*Q19+G20*Q20)/100 -> 13369.55 | R23: =(R2*G2+G3*R3+R4*G4+G5*R5+G6*R6+G7*R7+G8*R8+G9*R9+G10*R10+G11*R11+G12*R12+R13*G13+G14*R14+R15*G15+G16*R16+G17*R17+R18*G18+G19*R19+G20*R20)/100 -> 13247.99 | S23: =(S2*G2+G3*S3+S4*G4+G5*S5+G6*S6+G7*S7+G8*S8+G9*S9+G10*S10+G11*S11+G12*S12+S13*G13+G14*S14+S15*G15+G16*S16+G17*S17+S18*G18+G19*S19+G20*S20)/100 -> 13706.11 | T23: =(T2*G2+G3*T3+T4*G4+G5*T5+G6*T6+G7*T7+G8*T8+G9*T9+G10*T10+G11*T11+G12*T12+T13*G13+G14*T14+T15*G15+G16*T16+G17*T17+T18*G18+G19*T19+G20*T20)/100 -> 13883.72 | U23: =(U2*G2+G3*U3+U4*G4+G5*U5+G6*U6+G7*U7+G8*U8+G9*U9+G10*U10+G11*U11+G12*U12+U13*G13+G14*U14+U15*G15+G16*U16+G17*U17+U18*G18+G19*U19+G20*U20)/100 -> 13103.23 | V23: =(V2*G2+G3*V3+V4*G4+G5*V5+G6*V6+G7*V7+G8*V8+G9*V9+G10*V10+G11*V11+G12*V12+V13*G13+G14*V14+V15*G15+G16*V16+G17*V17+V18*G18+G19*V19)/100 -> 13160.29 | W23: =(W2*G2+G3*W3+W4*G4+G5*W5+G6*W6+G7*W7+G8*W8+G9*W9+G10*W10+G11*W11+G12*W12+W13*G13+G14*W14+W15*G15+G16*W16+G17*W17+W18*G18+G19*W19)/100 -> 13372.19 | X23: =(X2*G2+G3*X3+X4*G4+G5*X5+G6*X6+G7*X7+G8*X8+G9*X9+G10*X10+G11*X11+G12*X12+X13*G13+G14*X14+X15*G15+G16*X16+G17*X17+X18*G18+G19*X19)/100 -> 13138.68 | Y23: =(Y2*G2+G3*Y3+Y4*G4+G5*Y5+G6*Y6+G7*Y7+G8*Y8+G9*Y9+G10*Y10+G11*Y11+G12*Y12+Y13*G13+G14*Y14+Y15*G15+G16*Y16+G17*Y17+Y18*G18+G19*Y19)/100 -> 13139.11 | Z23: =(Z2*G2+G3*Z3+Z4*G4+G5*Z5+G6*Z6+G7*Z7+G8*Z8+G9*Z9+G10*Z10+G11*Z11+G12*Z12+Z13*G13+G14*Z14+Z15*G15+G16*Z16+G17*Z17+Z18*G18+G19*Z19)/100 -> 13257.61 | AA23: =(AA2*G2+G3*AA3+AA4*G4+G5*AA5+G6*AA6+G7*AA7+G8*AA8+G9*AA9+G10*AA10+G11*AA11+G12*AA12+AA13*G13+G14*AA14+AA15*G15+G16*AA16+G17*AA17+AA18*G18+G19*AA19)/100 -> 12917.83 | AB23: =(AB2*G2+G3*AB3+AB4*G4+G5*AB5+G6*AB6+G7*AB7+G8*AB8+G9*AB9+G10*AB10+G11*AB11+G12*AB12+AB13*G13+G14*AB14+AB15*G15+G16*AB16+G17*AB17+AB18*G18+G19*AB19)/100 -> 12660.48 | AC23: =(AC2*G2+G3*AC3+AC4*G4+G5*AC5+G6*AC6+G7*AC7+G8*AC8+G9*AC9+G10*AC10+G11*AC11+G12*AC12+AC13*G13+G14*AC14+AC15*G15+G16*AC16+G17*AC17+AC18*G18+G19*AC19)/100 -> 12459.33 | AD23: =(AD2*G2+G3*AD3+AD4*G4+G5*AD5+G6*AD6+G7*AD7+G8*AD8+G9*AD9+G10*AD10+G11*AD11+G12*AD12+AD13*G13+G14*AD14+AD15*G15+G16*AD16+G17*AD17+AD18*G18+G19*AD19)/100 -> 12421.61 | AE23: =(AE3*G3+G4*AE4+AE5*G5+G6*AE6+G7*AE7+G8*AE8+G9*AE9+G10*AE10+G11*AE11+G12*AE12+G14*AE14+AE15*G15+G16*AE16+AE17*G17+G18*AE18+G19*AE19)/100 -> 11207.86 | AF23: =(AF3*G3+G4*AF4+AF5*G5+G6*AF6+G7*AF7+G8*AF8+G9*AF9+G10*AF10+G11*AF11+G12*AF12+G14*AF14+AF15*G15+G16*AF16+AF17*G17+G18*AF18+G19*AF19)/100 -> 10972.82 | AG23: =(AG3*G3+G4*AG4+AG5*G5+G6*AG6+G7*AG7+G8*AG8+G9*AG9+G10*AG10+G11*AG11+G12*AG12+G14*AG14+AG15*G15+G16*AG16+AG17*G17+G18*AG18+G19*AG19)/100 -> 10984.92 | AH23: =(AH3*G3+G4*AH4+AH5*G5+G6*AH6+G7*AH7+G8*AH8+G9*AH9+G10*AH10+G11*AH11+G12*AH12+G14*AH14+AH15*G15+G16*AH16+AH17*G17+G18*AH18+G19*AH19)/100 -> 10941.91 | AI23: =(AI3*G3+G4*AI4+AI5*G5+G6*AI6+G7*AI7+G8*AI8+G9*AI9+G10*AI10+G11*AI11+G12*AI12+G14*AI14+AI15*G15+G16*AI16+AI17*G17+G18*AI18+G19*AI19)/100 -> 10620.49 | AJ23: =(AJ3*G3+G4*AJ4+AJ5*G5+G6*AJ6+G7*AJ7+G8*AJ8+G9*AJ9+G10*AJ10+G11*AJ11+G12*AJ12+G14*AJ14+AJ15*G15+G16*AJ16+AJ17*G17+G18*AJ18+G19*AJ19)/100 -> 10585.65 | AK23: =(AK3*G3+G4*AK4+AK5*G5+G6*AK6+G7*AK7+G8*AK8+G9*AK9+G10*AK10+G11*AK11+G12*AK12+G14*AK14+AK15*G15+G16*AK16+AK17*G17+G18*AK18+G19*AK19)/100 -> 9494.6396 | AL23: =(AL5*G5+G6*AL6+AL7*G7+G8*AL8+G9*AL9+G10*AL10+G11*AL11+G12*AL12+G14*AL14+G20*AL20+G15*AL15+AL16*G16+G17*AL17+AL18*G18+G19*AL19)/100 -> 8154.0496 | AM23: =(AM5*G5+G7*AM7+AM8*G8+G9*AM9+#REF!*#REF!+G10*AM10+G11*AM11+G12*AM12+G14*AM14+G19*AM19+G20*AM20+AM6*G6+G15*AM15+#REF!*#REF!+G16*AM16+G17*AM17+AM18*G18+#REF!*#REF!+#REF!*#REF!+#REF!*#REF!+#REF!*#REF!+#REF!*#REF!+#REF!*#REF!+G3*AM3+#REF!*#REF!)/100 -> #REF! | AN23: =(AN5*G5+G7*AN7+AN8*G8+G9*AN9+#REF!*#REF!+G10*AN10+G11*AN11+G12*AN12+G14*AN14+G19*AN19+G20*AN20+AN6*G6+G15*AN15+#REF!*#REF!+G16*AN16+G17*AN17+AN18*G18+#REF!*#REF!+#REF!*#REF!+#REF!*#REF!+#REF!*#REF!+#REF!*#REF!+#REF!*#REF!+G3*AN3+#REF!*#REF!)/100 -> #REF! | AO23: =(AO5*G5+G7*AO7+AO8*G8+G9*AO9+#REF!*#REF!+G10*AO10+G11*AO11+G12*AO12+G14*AO14+G19*AO19+G20*AO20+AO6*G6+G15*AO15+#REF!*#REF!+G16*AO16+G17*AO17+AO18*G18+#REF!*#REF!+#REF!*#REF!+#REF!*#REF!+#REF!*#REF!+#REF!*#REF!+#REF!*#REF!+G3*AO3+#REF!*#REF!)/100 -> #REF! | AP23: =(AP5*G5+G7*AP7+AP8*G8+G9*AP9+#REF!*#REF!+G10*AP10+G11*AP11+G12*AP12+G14*AP14+G19*AP19+G20*AP20+AP6*G6+G15*AP15+#REF!*#REF!+G16*AP16+G18*AP18+#REF!*#REF!+#REF!*#REF!+#REF!*#REF!+#REF!*#REF!+#REF!*#REF!+#REF!*#REF!+G3*AP3+#REF!*#REF!+G4*AP4)/100 -> #REF! | AQ23: =(#REF!*#REF!+#REF!*#REF!+AQ3*G3+#REF!*#REF!+G4*AQ4+G5*AQ5+G7*AQ7+G8*AQ8+G9*AQ9+#REF!*#REF!+G10*AQ10+AQ11*G11+G12*AQ12+AQ14*G14+#REF!*#REF!+#REF!*#REF!+#REF!*#REF!+#REF!*#REF!+G20*AQ20+AQ6*G6+#REF!*#REF!+G16*AQ16+G18*AQ18+G19*AQ19)/100 -> #REF! | AR23: =(#REF!*#REF!+#REF!*#REF!+AR3*G3+#REF!*#REF!+G4*AR4+G5*AR5+G7*AR7+G8*AR8+G9*AR9+#REF!*#REF!+G10*AR10+AR11*G11+G12*AR12+AR14*G14+#REF!*#REF!+#REF!*#REF!+#REF!*#REF!+#REF!*#REF!+G20*AR20+AR6*G6+#REF!*#REF!+G16*AR16+G18*AR18+G19*AR19)/100 -> #REF! | AS23: =(#REF!*#REF!+#REF!*#REF!+AS3*G3+#REF!*#REF!+G4*AS4+G5*AS5+AS7*G7+AS8*G8+AS9*G9+#REF!*#REF!+G10*AS10+AS11*G11+G12*AS12+AS14*G14+#REF!*#REF!+#REF!*#REF!+#REF!*#REF!+#REF!*#REF!+G20*AS20+G6*AS6+#REF!*#REF!+G16*AS16+G18*AS18)/100 -> #REF! | AT23: =(#REF!*#REF!+#REF!*#REF!+AT3*G3+#REF!*#REF!+G4*AT4+G5*AT5+AT7*G7+AT8*G8+AT9*G9+#REF!*#REF!+G10*AT10+AT11*G11+G12*AT12+AT14*G14+#REF!*#REF!+#REF!*#REF!+#REF!*#REF!+#REF!*#REF!+G20*AT20+G6*AT6+#REF!*#REF!+G16*AT16+G18*AT18)/100 -> #REF! | AU23: =(#REF!*#REF!+#REF!*#REF!+AU3*G3+#REF!*#REF!+G4*AU4+G8*AU8+AU9*G9+#REF!*#REF!+AU10*G10+G11*AU11+G14*AU14+#REF!*#REF!+#REF!*#REF!+#REF!*#REF!+#REF!*#REF!+G6*AU6+#REF!*#REF!+G16*AU16+G18*AU18+G7*AU7+G5*AU5+G12*AU12+G20*AU20)/100 -> #REF! | AV23: =(#REF!*#REF!+#REF!*#REF!+AV3*G3+#REF!*#REF!+G4*AV4+G8*AV8+AV9*G9+#REF!*#REF!+AV10*G10+G11*AV11+G14*AV14+#REF!*#REF!+#REF!*#REF!+#REF!*#REF!+#REF!*#REF!+G6*AV6+#REF!*#REF!+G16*AV16+G18*AV18)/100 -> #REF! | AW23: =(#REF!*#REF!+#REF!*#REF!+AW3*G3+#REF!*#REF!+G4*AW4+G8*AW8+G9*AW9+#REF!*#REF!+G10*AW10+AW11*G11+AW14*G14+#REF!*#REF!+#REF!*#REF!+#REF!*#REF!+#REF!*#REF!+AW6*G6+#REF!*#REF!+G16*AW16+G18*AW18+G19*AW19)/100 -> #REF! | AX23: =(#REF!*#REF!+#REF!*#REF!+AX3*G3+#REF!*#REF!+G4*AX4+G8*AX8+AX9*G9+#REF!*#REF!+AX10*G10+G11*AX11+G14*AX14+#REF!*#REF!+#REF!*#REF!+#REF!*#REF!+#REF!*#REF!+G6*AX6+#REF!*#REF!+G16*AX16+G18*AX18)/100 -> #REF! | AY23: =(#REF!*#REF!+#REF!*#REF!+AY3*G3+#REF!*#REF!+G4*AY4+G8*AY8+AY9*G9+#REF!*#REF!+AY10*G10+G11*AY11+G14*AY14+#REF!*#REF!+#REF!*#REF!+#REF!*#REF!+#REF!*#REF!+G6*AY6+#REF!*#REF!+G16*AY16+G18*AY18)/100 -> #REF! | AZ23: =(#REF!*#REF!+#REF!*#REF!+AZ3*G3+#REF!*#REF!+G4*AZ4+G8*AZ8+AZ9*G9+AZ10*G10+AZ11*G11+G14*AZ14+#REF!*#REF!+#REF!*#REF!+#REF!*#REF!+#REF!*#REF!+G6*AZ6+#REF!*#REF!+G16*AZ16+G18*AZ18+G19*AZ19)/100 -> #REF! | BA23: =(#REF!*#REF!+#REF!*#REF!+BA3*G3+#REF!*#REF!+G4*BA4+G8*BA8+BA9*G9+BA10*G10+BA11*G11+G14*BA14+#REF!*#REF!+#REF!*#REF!+#REF!*#REF!+#REF!*#REF!+G6*BA6+#REF!*#REF!+G16*BA16+G18*BA18+G19*BA19)/100 -> #REF! | BB23: =(#REF!*#REF!+#REF!*#REF!+BB3*G3+#REF!*#REF!+G4*BB4+G8*BB8+BB9*G9+BB10*G10+BB11*G11+G14*BB14+#REF!*#REF!+#REF!*#REF!+#REF!*#REF!+#REF!*#REF!+G6*BB6+#REF!*#REF!+G16*BB16+G18*BB18+G19*BB19)/100 -> #REF! | BC23: =(#REF!*#REF!+#REF!*#REF!+BC3*G3+#REF!*#REF!+G4*BC4+G8*BC8+BC9*G9+BC10*G10+BC11*G11+G14*BC14+#REF!*#REF!+#REF!*#REF!+#REF!*#REF!+#REF!*#REF!+G6*BC6+#REF!*#REF!+G16*BC16+G18*BC18+G19*BC19)/100 -> #REF! | BD23: =(#REF!*#REF!+#REF!*#REF!+BD3*G3+#REF!*#REF!+G4*BD4+G8*BD8+BD9*G9+BD10*G10+BD11*G11+G14*BD14+#REF!*#REF!+#REF!*#REF!+#REF!*#REF!+#REF!*#REF!+G6*BD6+#REF!*#REF!+G16*BD16+G18*BD18+G19*BD19)/100 -> #REF! | BE23: =(#REF!*#REF!+#REF!*#REF!+BE3*G3+#REF!*#REF!+G4*BE4+G8*BE8+BE9*G9+BE10*G10+BE11*G11+G14*BE14+#REF!*#REF!+#REF!*#REF!+#REF!*#REF!+#REF!*#REF!+G6*BE6+#REF!*#REF!+G16*BE16+G18*BE18)/100 -> #REF! | BF23: =(#REF!*#REF!+#REF!*#REF!+BF3*G3+#REF!*#REF!+G4*BF4+G8*BF8+BF10*G10+BF11*G11+G14*BF14+#REF!*#REF!+#REF!*#REF!+#REF!*#REF!+#REF!*#REF!+G6*BF6+#REF!*#REF!+G16*BF16+G18*BF18)/100 -> #REF! | BG23: =(#REF!*#REF!+#REF!*#REF!+BG3*G3+#REF!*#REF!+G4*BG4+G8*BG8+G10*BG10+BG11*G11+BG14*G14+#REF!*#REF!+#REF!*#REF!+#REF!*#REF!+#REF!*#REF!+BG6*G6+#REF!*#REF!+G16*BG16+G18*BG18+G19*BG19)/100 -> #REF! | BH23: =(#REF!*#REF!+#REF!*#REF!+BH3*G3+#REF!*#REF!+G4*BH4+G10*BH10+BH11*G11+BH14*G14+#REF!*#REF!+#REF!*#REF!+#REF!*#REF!+#REF!*#REF!+BH6*G6+#REF!*#REF!+G16*BH16+G18*BH18+G19*BH19)/100 -> #REF! | BI23: =(#REF!*#REF!+#REF!*#REF!+BI3*G3+#REF!*#REF!+G4*BI4+G10*BI10+BI11*G11+BI14*G14+#REF!*#REF!+#REF!*#REF!+#REF!*#REF!+#REF!*#REF!+BI6*G6+#REF!*#REF!+G16*BI16+G18*BI18+G19*BI19)/100 -> #REF! | BJ23: =(#REF!*#REF!+#REF!*#REF!+BJ3*G3+#REF!*#REF!+G4*BJ4+G10*BJ10+BJ11*G11+BJ14*G14+#REF!*#REF!+#REF!*#REF!+#REF!*#REF!+#REF!*#REF!+BJ6*G6+#REF!*#REF!+G16*BJ16+G18*BJ18+G19*BJ19)/100 -> #REF! | BK23: =(#REF!*#REF!+#REF!*#REF!+BK3*G3+#REF!*#REF!+G4*BK4+G10*BK10+BK11*G11+BK14*G14+#REF!*#REF!+#REF!*#REF!+#REF!*#REF!+#REF!*#REF!+BK6*G6+G16*BK16+G18*BK18+G19*BK19)/100 -> #REF! | BL23: =(#REF!*#REF!+#REF!*#REF!+BL3*G3+#REF!*#REF!+G4*BL4+G10*BL10+BL11*G11+BL14*G14+#REF!*#REF!+#REF!*#REF!+#REF!*#REF!+#REF!*#REF!+BL6*G6+G16*BL16+G18*BL18+G19*BL19)/100 -> #REF! | BM23: =(#REF!*#REF!+#REF!*#REF!+BM3*G3+#REF!*#REF!+G4*BM4+G10*BM10+BM11*G11+BM14*G14+#REF!*#REF!+#REF!*#REF!+#REF!*#REF!+#REF!*#REF!+BM6*G6+G16*BM16+G18*BM18+G19*BM19)/100 -> #REF! | BN23: =(#REF!*#REF!+#REF!*#REF!+BN3*G3+#REF!*#REF!+G4*BN4+G10*BN10+BN11*G11+BN14*G14+#REF!*#REF!+#REF!*#REF!+#REF!*#REF!+#REF!*#REF!+BN6*G6+G16*BN16+G18*BN18+G19*BN19)/100 -> #REF! | BO23: =(#REF!*#REF!+#REF!*#REF!+BO3*G3+#REF!*#REF!+G4*BO4+G10*BO10+BO11*G11+BO14*G14+#REF!*#REF!+#REF!*#REF!+#REF!*#REF!+#REF!*#REF!+BO6*G6+G16*BO16+G18*BO18+G19*BO19)/100 -> #REF! | BP23: =(#REF!*#REF!+#REF!*#REF!+BP3*G3+#REF!*#REF!+G4*BP4+G10*BP10+BP11*G11+BP14*G14+#REF!*#REF!+#REF!*#REF!+#REF!*#REF!+#REF!*#REF!+BP6*G6+G16*BP16+G18*BP18+G19*BP19)/100 -> #REF! | BQ23: =(#REF!*#REF!+#REF!*#REF!+BQ3*G3+#REF!*#REF!+G4*BQ4+G10*BQ10+BQ11*G11+BQ14*G14+#REF!*#REF!+#REF!*#REF!+#REF!*#REF!+#REF!*#REF!+BQ6*G6+G16*BQ16+G18*BQ18+G19*BQ19)/100 -> #REF! | BR23: =(#REF!*#REF!+#REF!*#REF!+BR3*G3+#REF!*#REF!+G4*BR4+G10*BR10+G11*BR11+G14*BR14+#REF!*#REF!+#REF!*#REF!+#REF!*#REF!+#REF!*#REF!+G6*BR6+BR16*G16+G18*BR18+G19*BR19)/100 -> #REF! | BS23: =(#REF!*#REF!+#REF!*#REF!+BS3*G3+#REF!*#REF!+G4*BS4+G10*BS10+G14*BS14+#REF!*#REF!+#REF!*#REF!+#REF!*#REF!+#REF!*#REF!+G6*BS6+BS16*G16+G18*BS18+G19*BS19)/100 -> #REF! | BT23: =(#REF!*#REF!+BT3*G3+G4*BT4+G14*BT14+#REF!*#REF!+#REF!*#REF!+#REF!*#REF!+#REF!*#REF!+G6*BT6+BT16*G16+G18*BT18+G19*BT19+G22*BT22+#REF!*#REF!+#REF!*#REF!)/100 -> #REF! | BU23: =(#REF!*#REF!+BU3*G3+G4*BU4+G14*BU14+#REF!*#REF!+#REF!*#REF!+#REF!*#REF!+#REF!*#REF!+G6*BU6+BU16*G16+G18*BU18+G19*BU19+G22*BU22+#REF!*#REF!+#REF!*#REF!)/100 -> #REF! | BV23: =(#REF!*#REF!+BV3*G3+G4*BV4+G14*BV14+#REF!*#REF!+#REF!*#REF!+#REF!*#REF!+#REF!*#REF!+G6*BV6+BV16*G16+G18*BV18+G19*BV19+G22*BV22+#REF!*#REF!+#REF!*#REF!)/100 -> #REF! | BW23: =(#REF!*#REF!+BW3*G3+G4*BW4+G14*BW14+#REF!*#REF!+#REF!*#REF!+#REF!*#REF!+#REF!*#REF!+G6*BW6+BW16*G16+G18*BW18+G19*BW19+G22*BW22+#REF!*#REF!+#REF!*#REF!)/100 -> #REF! | BX23: =(#REF!*#REF!+BX3*G3+G4*BX4+G14*BX14+#REF!*#REF!+#REF!*#REF!+#REF!*#REF!+#REF!*#REF!+G6*BX6+BX16*G16+G18*BX18+G19*BX19+G22*BX22+#REF!*#REF!+#REF!*#REF!)/100 -> #REF! | BY23: =(#REF!*#REF!+BY3*G3+G14*BY14+#REF!*#REF!+#REF!*#REF!+#REF!*#REF!+#REF!*#REF!+G6*BY6+BY16*G16+G18*BY18+G19*BY19+G22*BY22+#REF!*#REF!+#REF!*#REF!)/100 -> #REF! | BZ23: =(#REF!*#REF!+BZ3*G3+G14*BZ14+#REF!*#REF!+#REF!*#REF!+#REF!*#REF!+#REF!*#REF!+G6*BZ6+BZ16*G16+G18*BZ18+G19*BZ19+G22*BZ22+#REF!*#REF!+#REF!*#REF!)/100 -> #REF! | CA23: =(#REF!*#REF!+CA3*G3+G14*CA14+#REF!*#REF!+#REF!*#REF!+#REF!*#REF!+#REF!*#REF!+G6*CA6+CA16*G16+G18*CA18+G19*CA19+G22*CA22+#REF!*#REF!+#REF!*#REF!)/100 -> #REF! | CG23: =1348.18-62.17+215.5 -> 1501.51
CB24: =SUM(CB2:CB20) -> 12363.89 | CC24: =SUM(CC2:CC20) -> 12363.89 | CD24: =CC24-CB24 -> 0 | CG24: =SUM(CG2:CG20) -> 0
CB25: 12034.32

Sheet GEMINI
A1: שם הנכס | B1: קוד TASE | C1: מחיר קנייה (אג') | D1: כמות יחידות | E1: מחיר הגנה מינימלי (אג') | F1: מחיר יעד מקסימלי (אג') | G1: הערות אסטרטגיות (חשוב!) | I1: מחיר היום | L1: מחיר מכירה מינימלי (Stop-Loss) | M1: מחיר מכירה מקסימלי (Take-Profit)
A2: ='התיק העדכני'!E2 -> אייראנג'י טק | B2: ='התיק העדכני'!A2 -> 1105907 | C2: ='התיק העדכני'!H2 -> 774.5 | D2: ='התיק העדכני'!G2 -> 0 | E2: 770 | F2: 980 | I2: ='התיק העדכני'!I2 -> 935 | L2: =(E2+CHATGPT!E2+PERPLIXITY!E2+DEEPSEEK!E2)/4 -> 742.75 | M2: =(F2+CHATGPT!F2+PERPLIXITY!F2+DEEPSEEK!F2)/4 -> 916
A3: ='התיק העדכני'!E3 -> אירודרום קבוצה | B3: ='התיק העדכני'!A3 -> 363010 | C3: ='התיק העדכני'!H3 -> 74.9 | D3: ='התיק העדכני'!G3 -> 600 | F3: 110 | I3: ='התיק העדכני'!I3 -> 73.7 | L3: =(E3+CHATGPT!E3+PERPLIXITY!E3+DEEPSEEK!E3)/4 -> 53 | M3: =(F3+CHATGPT!F3+PERPLIXITY!F3+DEEPSEEK!F3)/4 -> 96.75
A4: ='התיק העדכני'!E4 -> ארית תעשיות | B4: ='התיק העדכני'!A4 -> 587014 | C4: ='התיק העדכני'!H4 -> 5925 | D4: ='התיק העדכני'!G4 -> 20 | E4: 5950 | F4: 6800 | I4: ='התיק העדכני'!I4 -> 6055 | L4: =(E4+CHATGPT!E4+PERPLIXITY!E4+DEEPSEEK!E4)/4 -> 5855 | M4: =(F4+CHATGPT!F4+PERPLIXITY!F4+DEEPSEEK!F4)/4 -> 7050
A5: ='התיק העדכני'!E5 -> ג'ין טכנולוגיות | B5: ='התיק העדכני'!A5 -> 1099787 | C5: ='התיק העדכני'!H5 -> 620 | D5: ='התיק העדכני'!G5 -> 0 | E5: 618 | F5: 780 | I5: ='התיק העדכני'!I5 -> 510.2 | L5: =(E5+CHATGPT!E5+PERPLIXITY!E5+DEEPSEEK!E5)/4 -> 598.25 | M5: =(F5+CHATGPT!F5+PERPLIXITY!F5+DEEPSEEK!F5)/4 -> 741.25
A6: ='התיק העדכני'!E6 -> דוראל אנרגיה | B6: ='התיק העדכני'!A6 -> 1166768 | C6: ='התיק העדכני'!H6 -> 4264.16 | D6: ='התיק העדכני'!G6 -> 30 | E6: 4620 | F6: 5400 | I6: ='התיק העדכני'!I6 -> 6221 | L6: =(E6+CHATGPT!E6+PERPLIXITY!E6+DEEPSEEK!E6)/4 -> 4425 | M6: =(F6+CHATGPT!F6+PERPLIXITY!F6+DEEPSEEK!F6)/4 -> 5480
A7: ='התיק העדכני'!E7 -> הראל סל ת"א 125 | B7: ='התיק העדכני'!A7 -> 1148899 | C7: ='התיק העדכני'!H7 -> 3585 | D7: ='התיק העדכני'!G7 -> 70 | E7: 3750 | F7: 4300 | I7: ='התיק העדכני'!I7 -> 4109 | L7: =(E7+CHATGPT!E7+PERPLIXITY!E7+DEEPSEEK!E7)/4 -> 3737.5 | M7: =(F7+CHATGPT!F7+PERPLIXITY!F7+DEEPSEEK!F7)/4 -> 4350
A8: ='התיק העדכני'!E8 -> טאואר | B8: ='התיק העדכני'!A8 -> 1082379 | C8: ='התיק העדכני'!H8 -> 39632.5 | D8: ='התיק העדכני'!G8 -> 4 | E8: 43000 | F8: 52000 | I8: ='התיק העדכני'!I8 -> 40940 | L8: =(E8+CHATGPT!E8+PERPLIXITY!E8+DEEPSEEK!E8)/4 -> 41525 | M8: =(F8+CHATGPT!F8+PERPLIXITY!F8+DEEPSEEK!F8)/4 -> 48125
A9: ='התיק העדכני'!E9 -> משק אנרגיה | B9: ='התיק העדכני'!A9 -> 1166974 | C9: ='התיק העדכני'!H9 -> 901.87 | D9: ='התיק העדכני'!G9 -> 80 | E9: 910 | F9: 1100 | I9: ='התיק העדכני'!I9 -> 1037 | L9: =(E9+CHATGPT!E9+PERPLIXITY!E9+DEEPSEEK!E9)/4 -> 981.25 | M9: =(F9+CHATGPT!F9+PERPLIXITY!F9+DEEPSEEK!F9)/4 -> 1245
A10: ='התיק העדכני'!E10 -> סטורג' דרופ | B10: ='התיק העדכני'!A10 -> 1122654 | C10: ='התיק העדכני'!H10 -> 93.13 | D10: ='התיק העדכני'!G10 -> 300 | E10: 65 | F10: 110 | I10: ='התיק העדכני'!I10 -> 72.4 | L10: =(E10+CHATGPT!E10+PERPLIXITY!E10+DEEPSEEK!E10)/4 -> 63.5 | M10: =(F10+CHATGPT!F10+PERPLIXITY!F10+DEEPSEEK!F10)/4 -> 93.25
A11: ='התיק העדכני'!E11 -> פועלים | B11: ='התיק העדכני'!A11 -> 662577 | C11: ='התיק העדכני'!H11 -> 7204.22 | D11: ='התיק העדכני'!G11 -> 9 | E11: 7950 | F11: 8800 | I11: ='התיק העדכני'!I11 -> 8253 | L11: =(E11+CHATGPT!E11+PERPLIXITY!E11+DEEPSEEK!E11)/4 -> 7632.5 | M11: =(F11+CHATGPT!F11+PERPLIXITY!F11+DEEPSEEK!F11)/4 -> 8700
A12: ='התיק העדכני'!E12 -> ISHARES MSCI GLOBAL SILVER M | B12: ='התיק העדכני'!A12 -> 5137534 | C12: ='התיק העדכני'!H12 -> 11598.87 | D12: ='התיק העדכני'!G12 -> 8 | E12: 12300 | F12: 14500 | I12: ='התיק העדכני'!I12 -> 12726.62 | L12: =(E12+CHATGPT!E12+PERPLIXITY!E12+DEEPSEEK!E12)/4 -> 12742.5 | M12: =(F12+CHATGPT!F12+PERPLIXITY!F12+DEEPSEEK!F12)/4 -> 15095
A13: ='התיק העדכני'!E13 -> MTF מחקה אינדקס תעשיה ישראל | B13: ='התיק העדכני'!A13 -> 5135470 | C13: ='התיק העדכני'!H13 -> 197.23 | D13: ='התיק העדכני'!G13 -> 500 | E13: 212 | F13: 250 | I13: ='התיק העדכני'!I13 -> 218.62 | L13: =(E13+CHATGPT!E13+PERPLIXITY!E13+DEEPSEEK!E13)/4 -> 203.75 | M13: =(F13+CHATGPT!F13+PERPLIXITY!F13+DEEPSEEK!F13)/4 -> 243.25
A14: ='התיק העדכני'!E14 -> MTF מחקה אינדקס Global Metals & Minerals producers מנוטרלת דולר | B14: ='התיק העדכני'!A14 -> 5134135 | C14: ='התיק העדכני'!H14 -> 159.02 | D14: ='התיק העדכני'!G14 -> 600 | E14: 175 | F14: 210 | I14: ='התיק העדכני'!I14 -> 188.1 | L14: =(E14+CHATGPT!E14+PERPLIXITY!E14+DEEPSEEK!E14)/4 -> 170.5 | M14: =(F14+CHATGPT!F14+PERPLIXITY!F14+DEEPSEEK!F14)/4 -> 206
A15: ='התיק העדכני'!E15 -> MTF סל אינדקס אנרגיה מתחדשת | B15: ='התיק העדכני'!A15 -> 1168723 | C15: ='התיק העדכני'!H15 -> 1523.63 | D15: ='התיק העדכני'!G15 -> 55 | E15: 1650 | F15: 2000 | I15: ='התיק העדכני'!I15 -> 2033 | L15: =(E15+CHATGPT!E15+PERPLIXITY!E15+DEEPSEEK!E15)/4 -> 1680.75 | M15: =(F15+CHATGPT!F15+PERPLIXITY!F15+DEEPSEEK!F15)/4 -> 2053.25
A16: ='התיק העדכני'!E16 -> 0 | B16: ='התיק העדכני'!A16 -> 0 | C16: ='התיק העדכני'!H16 -> 0 | D16: ='התיק העדכני'!G16 -> 0 | I16: ='התיק העדכני'!I16 -> 0 | L16: =(E16+CHATGPT!E16+PERPLIXITY!E16+DEEPSEEK!E16)/4 -> 0 | M16: =(F16+CHATGPT!F16+PERPLIXITY!F16+DEEPSEEK!F16)/4 -> 0
A17: ='התיק העדכני'!E17 -> 0 | B17: ='התיק העדכני'!A17 -> 0 | C17: ='התיק העדכני'!H17 -> 0 | D17: ='התיק העדכני'!G17 -> 0 | I17: ='התיק העדכני'!I17 -> 0 | L17: =(E17+CHATGPT!E17+PERPLIXITY!E17+DEEPSEEK!E17)/4 -> 0 | M17: =(F17+CHATGPT!F17+PERPLIXITY!F17+DEEPSEEK!F17)/4 -> 0
A18: ='התיק העדכני'!E18 -> 0 | B18: ='התיק העדכני'!A18 -> 0 | C18: ='התיק העדכני'!H18 -> 0 | D18: ='התיק העדכני'!G18 -> 0 | I18: ='התיק העדכני'!I18 -> 0 | L18: =(E18+CHATGPT!E18+PERPLIXITY!E18+DEEPSEEK!E18)/4 -> 0 | M18: =(F18+CHATGPT!F18+PERPLIXITY!F18+DEEPSEEK!F18)/4 -> 0
A19: ='התיק העדכני'!E19 -> 0 | B19: ='התיק העדכני'!A19 -> 0 | C19: ='התיק העדכני'!H19 -> 0 | D19: ='התיק העדכני'!G19 -> 0 | I19: ='התיק העדכני'!I19 -> 0 | L19: =(E19+CHATGPT!E19+PERPLIXITY!E19+DEEPSEEK!E19)/4 -> 0 | M19: =(F19+CHATGPT!F19+PERPLIXITY!F19+DEEPSEEK!F19)/4 -> 0
C20: ='התיק העדכני'!H20 -> 0 | D20: ='התיק העדכני'!G20 -> 0 | I20: ='התיק העדכני'!I20 -> 0 | L20: =(E20+CHATGPT!E20+PERPLIXITY!E20+DEEPSEEK!E20)/4 -> 0 | M20: =(F20+CHATGPT!F20+PERPLIXITY!F20+DEEPSEEK!F20)/4 -> 0
A21: ='התיק העדכני'!E21 -> 0 | B21: ='התיק העדכני'!A21 -> 0 | C21: ='התיק העדכני'!H21 -> 0 | D21: ='התיק העדכני'!G21 -> 0 | I21: ='התיק העדכני'!#REF! -> #REF! | L21: =(E21+CHATGPT!E21+PERPLIXITY!E21+DEEPSEEK!E21)/4 -> 0 | M21: =(F21+CHATGPT!F21+PERPLIXITY!F21+DEEPSEEK!F21)/4 -> 0
A22: ='התיק העדכני'!E22 -> 0 | B22: ='התיק העדכני'!A22 -> 0 | C22: ='התיק העדכני'!H22 -> 0 | D22: ='התיק העדכני'!G22 -> 0 | I22: ='התיק העדכני'!#REF! -> #REF! | L22: =(E22+CHATGPT!E22+PERPLIXITY!E22+DEEPSEEK!E22)/4 -> 0 | M22: =(F22+CHATGPT!F22+PERPLIXITY!F22+DEEPSEEK!F22)/4 -> 0
B23: ='התיק העדכני'!A23 -> 0 | C23: ='התיק העדכני'!H23 -> 0 | D23: ='התיק העדכני'!G23 -> 0 | I23: ='התיק העדכני'!#REF! -> #REF! | L23: =(E23+CHATGPT!E23+PERPLIXITY!E23+DEEPSEEK!E23)/4 -> 0 | M23: =(F23+CHATGPT!F23+PERPLIXITY!F23+DEEPSEEK!F23)/4 -> 0
A24: ='התיק העדכני'!E24 -> 0 | B24: ='התיק העדכני'!A24 -> 0 | C24: ='התיק העדכני'!H24 -> 0 | D24: ='התיק העדכני'!G24 -> 0 | I24: ='התיק העדכני'!#REF! -> #REF! | L24: =(E24+CHATGPT!E24+PERPLIXITY!E24+DEEPSEEK!E24)/4 -> 0 | M24: =(F24+CHATGPT!F24+PERPLIXITY!F24+DEEPSEEK!F24)/4 -> 0
A25: ='התיק העדכני'!#REF! -> #REF! | B25: ='התיק העדכני'!#REF! -> #REF! | C25: ='התיק העדכני'!#REF! -> #REF! | D25: ='התיק העדכני'!#REF! -> #REF! | I25: ='התיק העדכני'!#REF! -> #REF! | L25: =(E25+CHATGPT!E25+PERPLIXITY!E25+DEEPSEEK!E25)/4 -> 0 | M25: =(F25+CHATGPT!F25+PERPLIXITY!F25+DEEPSEEK!F25)/4 -> 0
A26: ='התיק העדכני'!#REF! -> #REF! | B26: ='התיק העדכני'!#REF! -> #REF! | C26: ='התיק העדכני'!#REF! -> #REF! | D26: ='התיק העדכני'!#REF! -> #REF! | I26: ='התיק העדכני'!#REF! -> #REF! | L26: =(E26+CHATGPT!E26+PERPLIXITY!E26+DEEPSEEK!E26)/4 -> 0 | M26: =(F26+CHATGPT!F26+PERPLIXITY!F26+DEEPSEEK!F26)/4 -> 0
A27: ='התיק העדכני'!#REF! -> #REF! | B27: ='התיק העדכני'!#REF! -> #REF! | C27: ='התיק העדכני'!#REF! -> #REF! | D27: ='התיק העדכני'!#REF! -> #REF! | I27: ='התיק העדכני'!#REF! -> #REF! | L27: =(E27+CHATGPT!E27+PERPLIXITY!E27+DEEPSEEK!E27)/4 -> 0 | M27: =(F27+CHATGPT!F27+PERPLIXITY!F27+DEEPSEEK!F27)/4 -> 0
A28: ='התיק העדכני'!E20 -> 0 | B28: ='התיק העדכני'!A20 -> 0 | C28: ='התיק העדכני'!H20 -> 0 | D28: ='התיק העדכני'!G20 -> 0 | I28: ='התיק העדכני'!I20 -> 0 | L28: =(E28+CHATGPT!E28+PERPLIXITY!E28+DEEPSEEK!E28)/4 -> 0 | M28: =(F28+CHATGPT!F28+PERPLIXITY!F28+DEEPSEEK!F28)/4 -> 0

Sheet CHATGPT
A1: שם המניה | B1: קוד TASE | C1: מחיר קנייה (אגורות) | D1: כמות | E1: SL (אגורות) | F1: TP (אגורות) | I1: מחיר היום | L1: מחיר מכירה מינימלי (Stop-Loss) | M1: מחיר מכירה מקסימלי (Take-Profit)
A2: ='התיק העדכני'!E2 -> אייראנג'י טק | B2: ='התיק העדכני'!A2 -> 1105907 | C2: ='התיק העדכני'!H2 -> 774.5 | D2: ='התיק העדכני'!G2 -> 0 | E2: 731 | F2: 934 | I2: ='התיק העדכני'!I2 -> 935 | L2: =(E2+GEMINI!E2+PERPLIXITY!E2+DEEPSEEK!E2)/4 -> 742.75 | M2: =(F2+GEMINI!F2+PERPLIXITY!F2+DEEPSEEK!F2)/4 -> 916
A3: ='התיק העדכני'!E3 -> אירודרום קבוצה | B3: ='התיק העדכני'!A3 -> 363010 | C3: ='התיק העדכני'!H3 -> 74.9 | D3: ='התיק העדכני'!G3 -> 600 | E3: 72 | F3: 92 | I3: ='התיק העדכני'!I3 -> 73.7 | L3: =(E3+GEMINI!E3+PERPLIXITY!E3+DEEPSEEK!E3)/4 -> 53 | M3: =(F3+GEMINI!F3+PERPLIXITY!F3+DEEPSEEK!F3)/4 -> 96.75
A4: ='התיק העדכני'!E4 -> ארית תעשיות | B4: ='התיק העדכני'!A4 -> 587014 | C4: ='התיק העדכני'!H4 -> 5925 | D4: ='התיק העדכני'!G4 -> 20 | E4: 5560 | F4: 7100 | I4: ='התיק העדכני'!I4 -> 6055 | L4: =(E4+GEMINI!E4+PERPLIXITY!E4+DEEPSEEK!E4)/4 -> 5855 | M4: =(F4+GEMINI!F4+PERPLIXITY!F4+DEEPSEEK!F4)/4 -> 7050
A5: ='התיק העדכני'!E5 -> ג'ין טכנולוגיות | B5: ='התיק העדכני'!A5 -> 1099787 | C5: ='התיק העדכני'!H5 -> 620 | D5: ='התיק העדכני'!G5 -> 0 | E5: 590 | F5: 730 | I5: ='התיק העדכני'!I5 -> 510.2 | L5: =(E5+GEMINI!E5+PERPLIXITY!E5+DEEPSEEK!E5)/4 -> 598.25 | M5: =(F5+GEMINI!F5+PERPLIXITY!F5+DEEPSEEK!F5)/4 -> 741.25
A6: ='התיק העדכני'!E6 -> דוראל אנרגיה | B6: ='התיק העדכני'!A6 -> 1166768 | C6: ='התיק העדכני'!H6 -> 4264.16 | D6: ='התיק העדכני'!G6 -> 30 | E6: 4380 | F6: 5520 | I6: ='התיק העדכני'!I6 -> 6221 | L6: =(E6+GEMINI!E6+PERPLIXITY!E6+DEEPSEEK!E6)/4 -> 4425 | M6: =(F6+GEMINI!F6+PERPLIXITY!F6+DEEPSEEK!F6)/4 -> 5480
A7: ='התיק העדכני'!E7 -> הראל סל ת"א 125 | B7: ='התיק העדכני'!A7 -> 1148899 | C7: ='התיק העדכני'!H7 -> 3585 | D7: ='התיק העדכני'!G7 -> 70 | E7: 3700 | F7: 4600 | I7: ='התיק העדכני'!I7 -> 4109 | L7: =(E7+GEMINI!E7+PERPLIXITY!E7+DEEPSEEK!E7)/4 -> 3737.5 | M7: =(F7+GEMINI!F7+PERPLIXITY!F7+DEEPSEEK!F7)/4 -> 4350
A8: ='התיק העדכני'!E8 -> טאואר | B8: ='התיק העדכני'!A8 -> 1082379 | C8: ='התיק העדכני'!H8 -> 39632.5 | D8: ='התיק העדכני'!G8 -> 4 | E8: 42100 | F8: 49500 | I8: ='התיק העדכני'!I8 -> 40940 | L8: =(E8+GEMINI!E8+PERPLIXITY!E8+DEEPSEEK!E8)/4 -> 41525 | M8: =(F8+GEMINI!F8+PERPLIXITY!F8+DEEPSEEK!F8)/4 -> 48125
A9: ='התיק העדכני'!E9 -> משק אנרגיה | B9: ='התיק העדכני'!A9 -> 1166974 | C9: ='התיק העדכני'!H9 -> 901.87 | D9: ='התיק העדכני'!G9 -> 80 | E9: 1015 | F9: 1290 | I9: ='התיק העדכני'!I9 -> 1037 | L9: =(E9+GEMINI!E9+PERPLIXITY!E9+DEEPSEEK!E9)/4 -> 981.25 | M9: =(F9+GEMINI!F9+PERPLIXITY!F9+DEEPSEEK!F9)/4 -> 1245
A10: ='התיק העדכני'!E10 -> סטורג' דרופ | B10: ='התיק העדכני'!A10 -> 1122654 | C10: ='התיק העדכני'!H10 -> 93.13 | D10: ='התיק העדכני'!G10 -> 300 | E10: 61 | F10: 78 | I10: ='התיק העדכני'!I10 -> 72.4 | L10: =(E10+GEMINI!E10+PERPLIXITY!E10+DEEPSEEK!E10)/4 -> 63.5 | M10: =(F10+GEMINI!F10+PERPLIXITY!F10+DEEPSEEK!F10)/4 -> 93.25
A11: ='התיק העדכני'!E11 -> פועלים | B11: ='התיק העדכני'!A11 -> 662577 | C11: ='התיק העדכני'!H11 -> 7204.22 | D11: ='התיק העדכני'!G11 -> 9 | E11: 7480 | F11: 9200 | I11: ='התיק העדכני'!I11 -> 8253 | L11: =(E11+GEMINI!E11+PERPLIXITY!E11+DEEPSEEK!E11)/4 -> 7632.5 | M11: =(F11+GEMINI!F11+PERPLIXITY!F11+DEEPSEEK!F11)/4 -> 8700
A12: ='התיק העדכני'!E12 -> ISHARES MSCI GLOBAL SILVER M | B12: ='התיק העדכני'!A12 -> 5137534 | C12: ='התיק העדכני'!H12 -> 11598.87 | D12: ='התיק העדכני'!G12 -> 8 | E12: 12370 | F12: 14880 | I12: ='התיק העדכני'!I12 -> 12726.62 | L12: =(E12+GEMINI!E12+PERPLIXITY!E12+DEEPSEEK!E12)/4 -> 12742.5 | M12: =(F12+GEMINI!F12+PERPLIXITY!F12+DEEPSEEK!F12)/4 -> 15095
A13: ='התיק העדכני'!E13 -> MTF מחקה אינדקס תעשיה ישראל | B13: ='התיק העדכני'!A13 -> 5135470 | C13: ='התיק העדכני'!H13 -> 197.23 | D13: ='התיק העדכני'!G13 -> 500 | E13: 195 | F13: 248 | I13: ='התיק העדכני'!I13 -> 218.62 | L13: =(E13+GEMINI!E13+PERPLIXITY!E13+DEEPSEEK!E13)/4 -> 203.75 | M13: =(F13+GEMINI!F13+PERPLIXITY!F13+DEEPSEEK!F13)/4 -> 243.25
... A15: ='התיק העדכני'!E15 -> MTF סל אינדקס אנרגיה מתחדשת | B15: ='התיק העדכני'!A15 -> 1168723 | C15: ='התיק העדכני'!H15 -> 1523.63 | D15: ='התיק העדכני'!G15 -> 55 | E15: 1693 | F15: 2163 | I15: ='התיק העדכני'!I15 -> 2033 | L15: =(E15+GEMINI!E15+PERPLIXITY!E15+DEEPSEEK!E15)/4 -> 1680.75 | M15: =(F15+GEMINI!F15+PERPLIXITY!F15+DEEPSEEK!F15)/4 -> 2053.25
A16: ='התיק העדכני'!E16 -> 0 | B16: ='התיק העדכני'!A16 -> 0 | C16: ='התיק העדכני'!H16 -> 0 | D16: ='התיק העדכני'!G16 -> 0 | I16: ='התיק העדכני'!I16 -> 0 | L16: =(E16+GEMINI!E16+PERPLIXITY!E16+DEEPSEEK!E16)/4 -> 0 | M16: =(F16+GEMINI!F16+PERPLIXITY!F16+DEEPSEEK!F16)/4 -> 0
A17: ='התיק העדכני'!E17 -> 0 | B17: ='התיק העדכני'!A17 -> 0 | C17: ='התיק העדכני'!H17 -> 0 | D17: ='התיק העדכני'!G17 -> 0 | I17: ='התיק העדכני'!I17 -> 0 | L17: =(E17+GEMINI!E17+PERPLIXITY!E17+DEEPSEEK!E17)/4 -> 0 | M17: =(F17+GEMINI!F17+PERPLIXITY!F17+DEEPSEEK!F17)/4 -> 0
A18: ='התיק העדכני'!E18 -> 0 | B18: ='התיק העדכני'!A18 -> 0 | C18: ='התיק העדכני'!H18 -> 0 | D18: ='התיק העדכני'!G18 -> 0 | I18: ='התיק העדכני'!I18 -> 0 | L18: =(E18+GEMINI!E18+PERPLIXITY!E18+DEEPSEEK!E18)/4 -> 0 | M18: =(F18+GEMINI!F18+PERPLIXITY!F18+DEEPSEEK!F18)/4 -> 0
A19: ='התיק העדכני'!E19 -> 0 | B19: ='התיק העדכני'!A19 -> 0 | C19: ='התיק העדכני'!H19 -> 0 | D19: ='התיק העדכני'!G19 -> 0 | I19: ='התיק העדכני'!I19 -> 0 | L19: =(E19+GEMINI!E19+PERPLIXITY!E19+DEEPSEEK!E19)/4 -> 0 | M19: =(F19+GEMINI!F19+PERPLIXITY!F19+DEEPSEEK!F19)/4 -> 0
C20: ='התיק העדכני'!H20 -> 0 | D20: ='התיק העדכני'!G20 -> 0 | I20: ='התיק העדכני'!I20 -> 0 | L20: =(E20+GEMINI!E20+PERPLIXITY!E20+DEEPSEEK!E20)/4 -> 0 | M20: =(F20+GEMINI!F20+PERPLIXITY!F20+DEEPSEEK!F20)/4 -> 0
A21: ='התיק העדכני'!E21 -> 0 | B21: ='התיק העדכני'!A21 -> 0 | C21: ='התיק העדכני'!H21 -> 0 | D21: ='התיק העדכני'!G21 -> 0

Sheet PERPLIXITY
A1: שם המניה | B1: קוד TASE | C1: מחיר קנייה ליחידה (אג') | D1: כמות יחידות | E1: מחיר מינימלי (Stop Loss 10%) (אג') | F1: מחיר מקסימלי (רווח 15%) (אג') | I1: מחיר היום | L1: מחיר מכירה מינימלי (Stop-Loss) | M1: מחיר מכירה מקסימלי (Take-Profit)
A2: ='התיק העדכני'!E2 -> אייראנג'י טק | B2: ='התיק העדכני'!A2 -> 1105907 | C2: ='התיק העדכני'!H2 -> 774.5 | D2: ='התיק העדכני'!G2 -> 0 | E2: 730 | F2: 930 | I2: ='התיק העדכני'!I2 -> 935 | L2: =(E2+CHATGPT!E2+GEMINI!E2+DEEPSEEK!E2)/4 -> 742.75 | M2: =(F2+CHATGPT!F2+GEMINI!F2+DEEPSEEK!F2)/4 -> 916
A3: ='התיק העדכני'!E3 -> אירודרום קבוצה | B3: ='התיק העדכני'!A3 -> 363010 | C3: ='התיק העדכני'!H3 -> 74.9 | D3: ='התיק העדכני'!G3 -> 600 | E3: 72 | F3: 95 | I3: ='התיק העדכני'!I3 -> 73.7 | L3: =(E3+CHATGPT!E3+GEMINI!E3+DEEPSEEK!E3)/4 -> 53 | M3: =(F3+CHATGPT!F3+GEMINI!F3+DEEPSEEK!F3)/4 -> 96.75
A4: ='התיק העדכני'!E4 -> ארית תעשיות | B4: ='התיק העדכני'!A4 -> 587014 | C4: ='התיק העדכני'!H4 -> 5925 | D4: ='התיק העדכני'!G4 -> 20 | E4: 5560 | F4: 7100 | I4: ='התיק העדכני'!I4 -> 6055 | L4: =(E4+CHATGPT!E4+GEMINI!E4+DEEPSEEK!E4)/4 -> 5855 | M4: =(F4+CHATGPT!F4+GEMINI!F4+DEEPSEEK!F4)/4 -> 7050
A5: ='התיק העדכני'!E5 -> ג'ין טכנולוגיות | B5: ='התיק העדכני'!A5 -> 1099787 | C5: ='התיק העדכני'!H5 -> 620 | D5: ='התיק העדכני'!G5 -> 0 | E5: 590 | F5: 725 | I5: ='התיק העדכני'!I5 -> 510.2 | L5: =(E5+CHATGPT!E5+GEMINI!E5+DEEPSEEK!E5)/4 -> 598.25 | M5: =(F5+CHATGPT!F5+GEMINI!F5+DEEPSEEK!F5)/4 -> 741.25
A6: ='התיק העדכני'!E6 -> דוראל אנרגיה | B6: ='התיק העדכני'!A6 -> 1166768 | C6: ='התיק העדכני'!H6 -> 4264.16 | D6: ='התיק העדכני'!G6 -> 30 | E6: 4400 | F6: 5500 | I6: ='התיק העדכני'!I6 -> 6221 | L6: =(E6+CHATGPT!E6+GEMINI!E6+DEEPSEEK!E6)/4 -> 4425 | M6: =(F6+CHATGPT!F6+GEMINI!F6+DEEPSEEK!F6)/4 -> 5480
A7: ='התיק העדכני'!E7 -> הראל סל ת"א 125 | B7: ='התיק העדכני'!A7 -> 1148899 | C7: ='התיק העדכני'!H7 -> 3585 | D7: ='התיק העדכני'!G7 -> 70 | E7: 3700 | F7: 4400 | I7: ='התיק העדכני'!I7 -> 4109 | L7: =(E7+CHATGPT!E7+GEMINI!E7+DEEPSEEK!E7)/4 -> 3737.5 | M7: =(F7+CHATGPT!F7+GEMINI!F7+DEEPSEEK!F7)/4 -> 4350
A8: ='התיק העדכני'!E8 -> טאואר | B8: ='התיק העדכני'!A8 -> 1082379 | C8: ='התיק העדכני'!H8 -> 39632.5 | D8: ='התיק העדכני'!G8 -> 4 | E8: 42000 | F8: 48000 | I8: ='התיק העדכני'!I8 -> 40940 | L8: =(E8+CHATGPT!E8+GEMINI!E8+DEEPSEEK!E8)/4 -> 41525 | M8: =(F8+CHATGPT!F8+GEMINI!F8+DEEPSEEK!F8)/4 -> 48125
A9: ='התיק העדכני'!E9 -> משק אנרגיה | B9: ='התיק העדכני'!A9 -> 1166974 | C9: ='התיק העדכני'!H9 -> 901.87 | D9: ='התיק העדכני'!G9 -> 80 | E9: 1000 | F9: 1290 | I9: ='התיק העדכני'!I9 -> 1037 | L9: =(E9+CHATGPT!E9+GEMINI!E9+DEEPSEEK!E9)/4 -> 981.25 | M9: =(F9+CHATGPT!F9+GEMINI!F9+DEEPSEEK!F9)/4 -> 1245
A10: ='התיק העדכני'!E10 -> סטורג' דרופ | B10: ='התיק העדכני'!A10 -> 1122654 | C10: ='התיק העדכני'!H10 -> 93.13 | D10: ='התיק העדכני'!G10 -> 300 | E10: 63 | F10: 95 | I10: ='התיק העדכני'!I10 -> 72.4 | L10: =(E10+CHATGPT!E10+GEMINI!E10+DEEPSEEK!E10)/4 -> 63.5 | M10: =(F10+CHATGPT!F10+GEMINI!F10+DEEPSEEK!F10)/4 -> 93.25
A11: ='התיק העדכני'!E11 -> פועלים | B11: ='התיק העדכני'!A11 -> 662577 | C11: ='התיק העדכני'!H11 -> 7204.22 | D11: ='התיק העדכני'!G11 -> 9 | E11: 7700 | F11: 8600 | I11: ='התיק העדכני'!I11 -> 8253 | L11: =(E11+CHATGPT!E11+GEMINI!E11+DEEPSEEK!E11)/4 -> 7632.5 | M11: =(F11+CHATGPT!F11+GEMINI!F11+DEEPSEEK!F11)/4 -> 8700
A12: ='התיק העדכני'!E12 -> ISHARES MSCI GLOBAL SILVER M | B12: ='התיק העדכני'!A12 -> 5137534 | C12: ='התיק העדכני'!H12 -> 11598.87 | D12: ='התיק העדכני'!G12 -> 8 | E12: 12500 | F12: 15000 | I12: ='התיק העדכני'!I12 -> 12726.62 | L12: =(E12+CHATGPT!E12+GEMINI!E12+DEEPSEEK!E12)/4 -> 12742.5 | M12: =(F12+CHATGPT!F12+GEMINI!F12+DEEPSEEK!F12)/4 -> 15095
A13: ='התיק העדכני'!E13 -> MTF מחקה אינדקס תעשיה ישראל | B13: ='התיק העדכני'!A13 -> 5135470 | C13: ='התיק העדכני'!H13 -> 197.23 | D13: ='התיק העדכני'!G13 -> 500 | E13: 200 | F13: 240 | I13: ='התיק העדכני'!I13 -> 218.62 | L13: =(E13+CHATGPT!E13+GEMINI!E13+DEEPSEEK!E13)/4 -> 203.75 | M13: =(F13+CHATGPT!F13+GEMINI!F13+DEEPSEEK!F13)/4 -> 243.25
... A15: ='התיק העדכני'!E15 -> MTF סל אינדקס אנרגיה מתחדשת | B15: ='התיק העדכני'!A15 -> 1168723 | C15: ='התיק העדכני'!H15 -> 1523.63 | D15: ='התיק העדכני'!G15 -> 55 | E15: 1700 | F15: 2100 | I15: ='התיק העדכני'!I15 -> 2033 | L15: =(E15+CHATGPT!E15+GEMINI!E15+DEEPSEEK!E15)/4 -> 1680.75 | M15: =(F15+CHATGPT!F15+GEMINI!F15+DEEPSEEK!F15)/4 -> 2053.25
A16: ='התיק העדכני'!E16 -> 0 | B16: ='התיק העדכני'!A16 -> 0 | C16: ='התיק העדכני'!H16 -> 0 | D16: ='התיק העדכני'!G16 -> 0 | I16: ='התיק העדכני'!I16 -> 0 | L16: =(E16+CHATGPT!E16+GEMINI!E16+DEEPSEEK!E16)/4 -> 0 | M16: =(F16+CHATGPT!F16+GEMINI!F16+DEEPSEEK!F16)/4 -> 0
A17: ='התיק העדכני'!E17 -> 0 | B17: ='התיק העדכני'!A17 -> 0 | C17: ='התיק העדכני'!H17 -> 0 | D17: ='התיק העדכני'!G17 -> 0 | I17: ='התיק העדכני'!I17 -> 0 | L17: =(E17+CHATGPT!E17+GEMINI!E17+DEEPSEEK!E17)/4 -> 0 | M17: =(F17+CHATGPT!F17+GEMINI!F17+DEEPSEEK!F17)/4 -> 0
A18: ='התיק העדכני'!E18 -> 0 | B18: ='התיק העדכני'!A18 -> 0 | C18: ='התיק העדכני'!H18 -> 0 | D18: ='התיק העדכני'!G18 -> 0 | I18: ='התיק העדכני'!I18 -> 0 | L18: =(E18+CHATGPT!E18+GEMINI!E18+DEEPSEEK!E18)/4 -> 0 | M18: =(F18+CHATGPT!F18+GEMINI!F18+DEEPSEEK!F18)/4 -> 0
A19: ='התיק העדכני'!E19 -> 0 | B19: ='התיק העדכני'!A19 -> 0 | C19: ='התיק העדכני'!H19 -> 0 | D19: ='התיק העדכני'!G19 -> 0 | I19: ='התיק העדכני'!I19 -> 0 | L19: =(E19+CHATGPT!E19+GEMINI!E19+DEEPSEEK!E19)/4 -> 0 | M19: =(F19+CHATGPT!F19+GEMINI!F19+DEEPSEEK!F19)/4 -> 0
C20: ='התיק העדכני'!H20 -> 0 | D20: ='התיק העדכני'!G20 -> 0 | I20: ='התיק העדכני'!I20 -> 0 | L20: =(E20+CHATGPT!E20+GEMINI!E20+DEEPSEEK!E20)/4 -> 0 | M20: =(F20+CHATGPT!F20+GEMINI!F20+DEEPSEEK!F20)/4 -> 0
A21: ='התיק העדכני'!E21 -> 0 | B21: ='התיק העדכני'!A21 -> 0 | C21: ='התיק העדכני'!H21 -> 0 | D21: ='התיק העדכני'!G21 -> 0

Sheet DEEPSEEK
A1: שם המניה | B1: קוד TASE | C1: מחיר קנייה (אגורות) | D1: כמות יחידות | E1: מחיר מכירה מינימלי (Stop-Loss) | F1: מחיר מכירה מקסימלי (Take-Profit) | I1: מחיר היום | L1: מחיר מכירה מינימלי (Stop-Loss) | M1: מחיר מכירה מקסימלי (Take-Profit)
A2: ='התיק העדכני'!E2 -> אייראנג'י טק | B2: ='התיק העדכני'!A2 -> 1105907 | C2: ='התיק העדכני'!H2 -> 774.5 | D2: ='התיק העדכני'!G2 -> 0 | E2: 740 | F2: 820 | I2: ='התיק העדכני'!I2 -> 935 | L2: =(E2+CHATGPT!E2+PERPLIXITY!E2+GEMINI!E2)/4 -> 742.75 | M2: =(F2+CHATGPT!F2+PERPLIXITY!F2+GEMINI!F2)/4 -> 916
A3: ='התיק העדכני'!E3 -> אירודרום קבוצה | B3: ='התיק העדכני'!A3 -> 363010 | C3: ='התיק העדכני'!H3 -> 74.9 | D3: ='התיק העדכני'!G3 -> 600 | E3: 68 | F3: 90 | I3: ='התיק העדכני'!I3 -> 73.7 | L3: =(E3+CHATGPT!E3+PERPLIXITY!E3+GEMINI!E3)/4 -> 53 | M3: =(F3+CHATGPT!F3+PERPLIXITY!F3+GEMINI!F3)/4 -> 96.75
A4: ='התיק העדכני'!E4 -> ארית תעשיות | B4: ='התיק העדכני'!A4 -> 587014 | C4: ='התיק העדכני'!H4 -> 5925 | D4: ='התיק העדכני'!G4 -> 20 | E4: 6350 | F4: 7200 | I4: ='התיק העדכני'!I4 -> 6055 | L4: =(E4+CHATGPT!E4+PERPLIXITY!E4+GEMINI!E4)/4 -> 5855 | M4: =(F4+CHATGPT!F4+PERPLIXITY!F4+GEMINI!F4)/4 -> 7050
A5: ='התיק העדכני'!E5 -> ג'ין טכנולוגיות | B5: ='התיק העדכני'!A5 -> 1099787 | C5: ='התיק העדכני'!H5 -> 620 | D5: ='התיק העדכני'!G5 -> 0 | E5: 595 | F5: 730 | I5: ='התיק העדכני'!I5 -> 510.2 | L5: =(E5+CHATGPT!E5+PERPLIXITY!E5+GEMINI!E5)/4 -> 598.25 | M5: =(F5+CHATGPT!F5+PERPLIXITY!F5+GEMINI!F5)/4 -> 741.25
A6: ='התיק העדכני'!E6 -> דוראל אנרגיה | B6: ='התיק העדכני'!A6 -> 1166768 | C6: ='התיק העדכני'!H6 -> 4264.16 | D6: ='התיק העדכני'!G6 -> 30 | E6: 4300 | F6: 5500 | I6: ='התיק העדכני'!I6 -> 6221 | L6: =(E6+CHATGPT!E6+PERPLIXITY!E6+GEMINI!E6)/4 -> 4425 | M6: =(F6+CHATGPT!F6+PERPLIXITY!F6+GEMINI!F6)/4 -> 5480
A7: ='התיק העדכני'!E7 -> הראל סל ת"א 125 | B7: ='התיק העדכני'!A7 -> 1148899 | C7: ='התיק העדכני'!H7 -> 3585 | D7: ='התיק העדכני'!G7 -> 70 | E7: 3800 | F7: 4100 | I7: ='התיק העדכני'!I7 -> 4109 | L7: =(E7+CHATGPT!E7+PERPLIXITY!E7+GEMINI!E7)/4 -> 3737.5 | M7: =(F7+CHATGPT!F7+PERPLIXITY!F7+GEMINI!F7)/4 -> 4350
A8: ='התיק העדכני'!E8 -> טאואר | B8: ='התיק העדכני'!A8 -> 1082379 | C8: ='התיק העדכני'!H8 -> 39632.5 | D8: ='התיק העדכני'!G8 -> 4 | E8: 39000 | F8: 43000 | I8: ='התיק העדכני'!I8 -> 40940 | L8: =(E8+CHATGPT!E8+PERPLIXITY!E8+GEMINI!E8)/4 -> 41525 | M8: =(F8+CHATGPT!F8+PERPLIXITY!F8+GEMINI!F8)/4 -> 48125
A9: ='התיק העדכני'!E9 -> משק אנרגיה | B9: ='התיק העדכני'!A9 -> 1166974 | C9: ='התיק העדכני'!H9 -> 901.87 | D9: ='התיק העדכני'!G9 -> 80 | E9: 1000 | F9: 1300 | I9: ='התיק העדכני'!I9 -> 1037 | L9: =(E9+CHATGPT!E9+PERPLIXITY!E9+GEMINI!E9)/4 -> 981.25 | M9: =(F9+CHATGPT!F9+PERPLIXITY!F9+GEMINI!F9)/4 -> 1245
A10: ='התיק העדכני'!E10 -> סטורג' דרופ | B10: ='התיק העדכני'!A10 -> 1122654 | C10: ='התיק העדכני'!H10 -> 93.13 | D10: ='התיק העדכני'!G10 -> 300 | E10: 65 | F10: 90 | I10: ='התיק העדכני'!I10 -> 72.4 | L10: =(E10+CHATGPT!E10+PERPLIXITY!E10+GEMINI!E10)/4 -> 63.5 | M10: =(F10+CHATGPT!F10+PERPLIXITY!F10+GEMINI!F10)/4 -> 93.25
A11: ='התיק העדכני'!E11 -> פועלים | B11: ='התיק העדכני'!A11 -> 662577 | C11: ='התיק העדכני'!H11 -> 7204.22 | D11: ='התיק העדכני'!G11 -> 9 | E11: 7400 | F11: 8200 | I11: ='התיק העדכני'!I11 -> 8253 | L11: =(E11+CHATGPT!E11+PERPLIXITY!E11+GEMINI!E11)/4 -> 7632.5 | M11: =(F11+CHATGPT!F11+PERPLIXITY!F11+GEMINI!F11)/4 -> 8700
A12: ='התיק העדכני'!E12 -> ISHARES MSCI GLOBAL SILVER M | B12: ='התיק העדכני'!A12 -> 5137534 | C12: ='התיק העדכני'!H12 -> 11598.87 | D12: ='התיק העדכני'!G12 -> 8 | E12: 13800 | F12: 16000 | I12: ='התיק העדכני'!I12 -> 12726.62 | L12: =(E12+CHATGPT!E12+PERPLIXITY!E12+GEMINI!E12)/4 -> 12742.5 | M12: =(F12+CHATGPT!F12+PERPLIXITY!F12+GEMINI!F12)/4 -> 15095
A13: ='התיק העדכני'!E13 -> MTF מחקה אינדקס תעשיה ישראל | B13: ='התיק העדכני'!A13 -> 5135470 | C13: ='התיק העדכני'!H13 -> 197.23 | D13: ='התיק העדכני'!G13 -> 500 | E13: 208 | F13: 235 | I13: ='התיק העדכני'!I13 -> 218.62 | L13: =(E13+CHATGPT!E13+PERPLIXITY!E13+GEMINI!E13)/4 -> 203.75 | M13: =(F13+CHATGPT!F13+PERPLIXITY!F13+GEMINI!F13)/4 -> 243.25
A14: ='התיק העדכני'!E14 -> MTF מחקה אינדקס Global Metals & Minerals producers מנוטרלת דולר | B14: ='התיק העדכני'!A14 -> 5134135 | C14: ='התיק העדכני'!H14 -> 159.02 | D14: ='התיק העדכני'!G14 -> 600 | E14: 174 | F14: 200 | I14: ='התיק העדכני'!I14 -> 188.1 | L14: =(E14+CHATGPT!E14+PERPLIXITY!E14+GEMINI!E14)/4 -> 170.5 | M14: =(F14+CHATGPT!F14+PERPLIXITY!F14+GEMINI!F14)/4 -> 206
A15: ='התיק העדכני'!E15 -> MTF סל אינדקס אנרגיה מתחדשת | B15: ='התיק העדכני'!A15 -> 1168723 | C15: ='התיק העדכני'!H15 -> 1523.63 | D15: ='התיק העדכני'!G15 -> 55 | E15: 1680 | F15: 1950 | I15: ='התיק העדכני'!I20 -> 0 | L15: =(E15+CHATGPT!E15+PERPLIXITY!E15+GEMINI!E15)/4 -> 1680.75 | M15: =(F15+CHATGPT!F15+PERPLIXITY!F15+GEMINI!F15)/4 -> 2053.25
A16: ='התיק העדכני'!E16 -> 0 | B16: ='התיק העדכני'!A16 -> 0 | C16: ='התיק העדכני'!H16 -> 0 | D16: ='התיק העדכני'!G16 -> 0 | I16: ='התיק העדכני'!I15 -> 2033 | L16: =(E16+CHATGPT!E16+PERPLIXITY!E16+GEMINI!E16)/4 -> 0 | M16: =(F16+CHATGPT!F16+PERPLIXITY!F16+GEMINI!F16)/4 -> 0
A17: ='התיק העדכני'!E17 -> 0 | B17: ='התיק העדכני'!A17 -> 0 | C17: ='התיק העדכני'!H17 -> 0 | D17: ='התיק העדכני'!G17 -> 0 | I17: ='התיק העדכני'!I16 -> 0 | L17: =(E17+CHATGPT!E17+PERPLIXITY!E17+GEMINI!E17)/4 -> 0 | M17: =(F17+CHATGPT!F17+PERPLIXITY!F17+GEMINI!F17)/4 -> 0
A18: ='התיק העדכני'!E18 -> 0 | B18: ='התיק העדכני'!A18 -> 0 | C18: ='התיק העדכני'!H18 -> 0 | D18: ='התיק העדכני'!G18 -> 0 | I18: ='התיק העדכני'!I17 -> 0 | L18: =(E18+CHATGPT!E18+PERPLIXITY!E18+GEMINI!E18)/4 -> 0 | M18: =(F18+CHATGPT!F18+PERPLIXITY!F18+GEMINI!F18)/4 -> 0
A19: ='התיק העדכני'!E19 -> 0 | B19: ='התיק העדכני'!A19 -> 0 | C19: ='התיק העדכני'!H19 -> 0 | D19: ='התיק העדכני'!G19 -> 0 | I19: ='התיק העדכני'!I18 -> 0 | L19: =(E19+CHATGPT!E19+PERPLIXITY!E19+GEMINI!E19)/4 -> 0 | M19: =(F19+CHATGPT!F19+PERPLIXITY!F19+GEMINI!F19)/4 -> 0
C20: ='התיק העדכני'!H20 -> 0 | D20: ='התיק העדכני'!G20 -> 0 | I20: ='התיק העדכני'!I19 -> 0 | L20: =(E20+CHATGPT!E20+PERPLIXITY!E20+GEMINI!E20)/4 -> 0 | M20: =(F20+CHATGPT!F20+PERPLIXITY!F20+GEMINI!F20)/4 -> 0
A21: ='התיק העדכני'!E21 -> 0 | B21: ='התיק העדכני'!A21 -> 0 | C21: ='התיק העדכני'!H21 -> 0 | D21: ='התיק העדכני'!G21 -> 0 | I21: ='התיק העדכני'!I20 -> 0 | L21: =(E21+CHATGPT!E21+PERPLIXITY!E21+GEMINI!E21)/4 -> 0 | M21: =(F21+CHATGPT!F21+PERPLIXITY!F21+GEMINI!F21)/4 -> 0
